{"cameraMode":{"drawMode":0,"name":"Shaded","section":"Shading Mode"},"sceneLighting":false,"audioPlay":false,"sceneViewState":{"showFog":true,"showMaterialUpdate":false,"showSkybox":false,"showFlares":true,"showImageEffects":true,"showParticleSystems":true},"in2DMode":false,"pivot":{"x":0.788210391998291,"y":-0.9055709838867188,"z":-0.4928159713745117},"rotation":{"x":0.269365131855011,"y":0.1905488222837448,"z":-0.05446283891797066,"w":0.9424265623092651},"size":9.52717113494873,"orthographic":false}