{"cameraMode":{"drawMode":0,"name":"Shaded","section":"Shading Mode"},"sceneLighting":false,"audioPlay":false,"sceneViewState":{"showFog":true,"showMaterialUpdate":false,"showSkybox":false,"showFlares":true,"showImageEffects":true,"showParticleSystems":true},"in2DMode":false,"pivot":{"x":-0.8470857739448547,"y":1.7171127796173096,"z":-3.5762786865234377e-7},"rotation":{"x":0.4005615711212158,"y":0.26062434911727908,"z":-0.11996908485889435,"w":0.8701915740966797},"size":1.7973637580871583,"orthographic":false}