{"cameraMode":{"drawMode":0,"name":"Shaded","section":"Shading Mode"},"sceneLighting":false,"audioPlay":false,"sceneViewState":{"showFog":true,"showMaterialUpdate":false,"showSkybox":false,"showFlares":true,"showImageEffects":true,"showParticleSystems":true},"in2DMode":false,"pivot":{"x":-0.17194271087646485,"y":1.8574230670928956,"z":-1.1920928955078126e-7},"rotation":{"x":0.12315433472394943,"y":0.22856144607067109,"z":-0.02915857918560505,"w":0.9652798175811768},"size":2.190803289413452,"orthographic":true}