{"cameraMode":{"drawMode":0,"name":"Shaded","section":"Shading Mode"},"sceneLighting":true,"audioPlay":false,"sceneViewState":{"showFog":true,"showMaterialUpdate":false,"showSkybox":true,"showFlares":true,"showImageEffects":true,"showParticleSystems":true},"in2DMode":false,"pivot":{"x":-1.4871498346328736,"y":3.594320058822632,"z":0.0},"rotation":{"x":0.1256556361913681,"y":0.013392557390034199,"z":-0.001696462626568973,"w":0.9919831156730652},"size":5.401015758514404,"orthographic":true}