{"cameraMode":{"drawMode":0,"name":"Shaded","section":"Shading Mode"},"sceneLighting":false,"audioPlay":false,"sceneViewState":{"showFog":true,"showMaterialUpdate":false,"showSkybox":false,"showFlares":true,"showImageEffects":true,"showParticleSystems":true},"in2DMode":false,"pivot":{"x":-1.1273869276046754,"y":1.6482207775115967,"z":0.0003871321678161621},"rotation":{"x":0.181924507021904,"y":0.15852835774421693,"z":-0.029732199385762216,"w":0.9699947237968445},"size":2.555396318435669,"orthographic":true}